post_id,original_url,archive_urls,classification,verification,index_hint
1782951454405234941,https://x.com/aanaelisast/status/1782951454405234941,https://archive.ph/JwllT,pending,index_only,not_classified
1474150471514341387,https://x.com/aanaelisast/status/1474150471514341387,https://archive.ph/kbJ0T,reply,archive_html_verified,verified_reply_to_@vini_vecchi
1785393405582856500,https://x.com/aanaelisast/status/1785393405582856500,https://archive.ph/wzclA,pending,index_only,not_classified
1815777297447727190,https://x.com/aanaelisast/status/1815777297447727190,https://archive.ph/JQPTl,pending,index_only,not_classified
1882960653805289713,https://x.com/aanaelisast/status/1882960653805289713,https://archive.ph/59rHg|https://archive.ph/vIx4I,pending,index_only,not_classified
1950601495977603533,https://x.com/aanaelisast/status/1950601495977603533,https://archive.ph/5bJx0|https://archive.ph/JzSh5|https://archive.ph/gUVDk,pending,index_only,not_classified
1534667745798893574,https://x.com/aanaelisast/status/1534667745798893574,https://archive.ph/0RUBT,pending,index_only,not_classified
2108036316633997520,https://x.com/aanaelisast/status/2108036316633997520,https://archive.ph/3Ase5|https://archive.ph/J1lus,pending,index_only,not_classified
1674110519530094620,https://x.com/aanaelisast/status/1674110519530094620,https://archive.ph/5oOFd,pending,index_only,not_classified
1630019325737197568,https://x.com/aanaelisast/status/1630019325737197568,https://archive.ph/q1Kiw,pending,index_only,not_classified
1610774887089553408,https://x.com/aanaelisast/status/1610774887089553408,https://archive.ph/5RpIC|https://archive.ph/EmUMt|https://archive.ph/UHeW1,pending,index_only,not_classified
2096616950684107234,https://x.com/aanaelisast/status/2096616950684107234,https://archive.ph/mja3e,pending,index_only,not_classified
2092961003306639702,https://x.com/aanaelisast/status/2092961003306639702,https://archive.ph/6kLln|https://archive.ph/NRVK6,pending,index_only,not_classified
2055786790070460596,https://x.com/aanaelisast/status/2055786790070460596,https://archive.ph/3cMji|https://archive.ph/G1ybN|https://archive.ph/dxKs5,quote_post,local_html_saved_identity_url_present,verified_quote_post
1692236017644781683,https://x.com/aanaelisast/status/1692236017644781683,https://archive.ph/2Hlpp|https://archive.ph/Nkl6r|https://archive.ph/xWHrA,pending,index_only,not_classified
1586837545387712517,https://x.com/aanaelisast/status/1586837545387712517,https://archive.ph/3MOwL|https://archive.ph/Qt6BC,pending,index_only,reply_candidate
2084700646788264085,https://x.com/aanaelisast/status/2084700646788264085,https://archive.ph/UASal,pending,index_only,not_classified
1773396291793326334,https://x.com/aanaelisast/status/1773396291793326334,https://archive.ph/Tjoja,pending,index_only,not_classified
1952487159929393533,https://x.com/aanaelisast/status/1952487159929393533,https://archive.ph/vuqjW,quote_post,archive_html_verified,verified_quote_post
1848899145278353740,https://x.com/aanaelisast/status/1848899145278353740,https://archive.ph/9Aw5n,pending,index_only,not_classified
1619023538224242688,https://x.com/aanaelisast/status/1619023538224242688,https://archive.ph/Wcbc5|https://archive.ph/a1dzI|https://archive.ph/a7VUf|https://archive.ph/eZtAZ,reply,archive_html_verified,verified_reply_to_@yduartt00
1892015766683238434,https://x.com/aanaelisast/status/1892015766683238434,https://archive.ph/FcRXD,pending,index_only,not_classified
2103303691679768811,https://x.com/aanaelisast/status/2103303691679768811,https://archive.ph/OTx8e|https://archive.ph/WO1xd,pending,index_only,not_classified
1472713381467635716,https://x.com/aanaelisast/status/1472713381467635716,https://archive.ph/wRzR5,pending,index_only,not_classified
1673785239124975616,https://x.com/aanaelisast/status/1673785239124975616,https://archive.ph/Iu6gr,pending,index_only,not_classified
1576700761391607809,https://x.com/aanaelisast/status/1576700761391607809,https://archive.ph/mitXw,pending,index_only,not_classified
1808573185610113501,https://x.com/aanaelisast/status/1808573185610113501,https://archive.ph/mVHzk,pending,index_only,reply_candidate
1716584188944564579,https://x.com/aanaelisast/status/1716584188944564579,https://archive.ph/ZnHbm|https://archive.ph/uFvMl,pending,index_only,not_classified
1468175689048371202,https://x.com/aanaelisast/status/1468175689048371202,https://archive.ph/Ycym2,pending,index_only,not_classified
1851025783315447877,https://x.com/aanaelisast/status/1851025783315447877,https://archive.ph/TTqwD,pending,index_only,not_classified
1731675280907919806,https://x.com/aanaelisast/status/1731675280907919806,https://archive.ph/cfTke,pending,index_only,not_classified
1776424318731182381,https://x.com/aanaelisast/status/1776424318731182381,https://archive.ph/PB39k,pending,index_only,not_classified
1870451757723353327,https://x.com/aanaelisast/status/1870451757723353327,https://archive.ph/IacHu,pending,index_only,not_classified
1612162453013684226,https://x.com/aanaelisast/status/1612162453013684226,https://archive.ph/Nq2G9,pending,index_only,not_classified
1573308606967152645,https://x.com/aanaelisast/status/1573308606967152645,https://archive.ph/qEJIC,pending,index_only,not_classified
1884438500767900108,https://x.com/aanaelisast/status/1884438500767900108,https://archive.ph/2I3oR|https://archive.ph/3iJ4t|https://archive.ph/nfrxq|https://archive.ph/pgvM5,post,local_html_saved_identity_url_present,not_classified
1801730352227991975,https://x.com/aanaelisast/status/1801730352227991975,https://archive.ph/UEnmI|https://archive.ph/uKqTX,pending,index_only,not_classified
1782954267449454910,https://x.com/aanaelisast/status/1782954267449454910,https://archive.ph/mo8Op,post,local_html_saved_identity_url_present,not_classified
1772667959921594433,https://x.com/aanaelisast/status/1772667959921594433,https://archive.ph/M9Jx2|https://archive.ph/Xe8hZ|https://archive.ph/diQo8|https://archive.ph/eCQiL,pending,index_only,not_classified
1770273255900754257,https://x.com/aanaelisast/status/1770273255900754257,https://archive.ph/6uYSh|https://archive.ph/MOwa3,pending,index_only,not_classified
1612174897475891201,https://x.com/aanaelisast/status/1612174897475891201,https://archive.ph/KJb9F,pending,index_only,not_classified
1313480977679777792,https://x.com/aanaelisast/status/1313480977679777792,https://archive.ph/9W498|https://archive.ph/WvclE|https://archive.ph/wkFzj,pending,index_only,not_classified
1746648187077578940,https://x.com/aanaelisast/status/1746648187077578940,https://archive.ph/z1Crt,pending,index_only,not_classified
2108011756505456875,https://x.com/aanaelisast/status/2108011756505456875,https://archive.ph/JJwmy,pending,index_only,not_classified
2078592037092205003,https://x.com/aanaelisast/status/2078592037092205003,https://archive.ph/oFKUz,pending,index_only,reply_candidate
2078583960742047925,https://x.com/aanaelisast/status/2078583960742047925,https://archive.ph/PdgwZ,pending,index_only,reply_candidate
2077553685349937246,https://x.com/aanaelisast/status/2077553685349937246,https://archive.ph/10kjE,pending,index_only,not_classified
2078581818740101162,https://x.com/aanaelisast/status/2078581818740101162,https://archive.ph/wiDys,pending,index_only,reply_candidate
2078501506890740025,https://x.com/aanaelisast/status/2078501506890740025,https://archive.ph/2oZpm,pending,index_only,not_classified
2078581245110321469,https://x.com/aanaelisast/status/2078581245110321469,https://archive.ph/ZWGxT,pending,index_only,reply_candidate
2074195810506670181,https://x.com/aanaelisast/status/2074195810506670181,https://archive.ph/6yNn8|https://archive.ph/BpqQX,pending,index_only,not_classified
2059454239261225068,https://x.com/aanaelisast/status/2059454239261225068,https://archive.ph/OMin9,pending,index_only,not_classified
2099974147019362668,https://x.com/aanaelisast/status/2099974147019362668,https://archive.ph/2Drbx,pending,index_only,not_classified
1631003409196220435,https://x.com/aanaelisast/status/1631003409196220435,https://archive.ph/cppLq,pending,index_only,not_classified
2044471005704343933,https://x.com/aanaelisast/status/2044471005704343933,https://archive.ph/u2Qah,pending,index_only,not_classified
1576716204277784576,https://x.com/aanaelisast/status/1576716204277784576,https://archive.ph/rUQ8c,pending,index_only,not_classified
1604853386649952256,https://x.com/aanaelisast/status/1604853386649952256,https://archive.ph/3bHVU,pending,index_only,not_classified
2055802389605544055,https://x.com/aanaelisast/status/2055802389605544055,https://archive.ph/JYARr,pending,index_only,not_classified
1271912766790602752,https://x.com/aanaelisast/status/1271912766790602752,https://archive.ph/hdhp0,pending,index_only,not_classified
1625193777286586368,https://x.com/aanaelisast/status/1625193777286586368,https://archive.ph/Wl3b8|https://archive.ph/bK7Me,pending,index_only,reply_candidate
1286451013097070592,https://x.com/aanaelisast/status/1286451013097070592,https://archive.ph/cadDg,post_with_media,archive_text_verified_media_unavailable,not_classified; text_verified_in_archive
1700213681022234790,https://x.com/aanaelisast/status/1700213681022234790,https://archive.ph/Jgqoc,pending,index_only,not_classified
1572247752146563074,https://x.com/aanaelisast/status/1572247752146563074,https://archive.ph/LdgBX,pending,index_only,not_classified
2108317102495195367,https://x.com/aanaelisast/status/2108317102495195367,https://archive.ph/kHwsD,pending,index_only,reply_candidate
1289360746544082946,https://x.com/aanaelisast/status/1289360746544082946,https://archive.ph/6Qcfg,pending,index_only,not_classified
1856140407949898139,https://x.com/aanaelisast/status/1856140407949898139,https://archive.ph/ufIPB,pending,index_only,not_classified
1879624908709532155,https://x.com/aanaelisast/status/1879624908709532155,https://archive.ph/A9BBh|https://archive.ph/CuiAC,pending,index_only,not_classified
1761170659516793151,https://x.com/aanaelisast/status/1761170659516793151,https://archive.ph/5pRiM,pending,index_only,reply_candidate
1415852994000834565,https://x.com/aanaelisast/status/1415852994000834565,https://archive.ph/k5xWh,pending,index_only,not_classified
1762987874658427107,https://x.com/aanaelisast/status/1762987874658427107,https://archive.ph/Iu4wC,pending,index_only,reply_candidate
1761176017949827098,https://x.com/aanaelisast/status/1761176017949827098,https://archive.ph/QQmCa,pending,index_only,reply_candidate
1751012905166725562,https://x.com/aanaelisast/status/1751012905166725562,https://archive.ph/LC3yH,pending,index_only,reply_candidate
1799502993550610926,https://x.com/aanaelisast/status/1799502993550610926,https://archive.ph/fJK5b,pending,index_only,reply_candidate
1617197167973912577,https://x.com/aanaelisast/status/1617197167973912577,https://archive.ph/6dkbj,post,local_html_saved_identity_url_present,not_classified
1586695330875285505,https://x.com/aanaelisast/status/1586695330875285505,https://archive.ph/GzZLX,pending,index_only,not_classified
1877759635211354520,https://x.com/aanaelisast/status/1877759635211354520,https://archive.ph/42SsH|https://archive.ph/HbrUF,pending,index_only,not_classified
1674856517915353089,https://x.com/aanaelisast/status/1674856517915353089,https://archive.ph/lhyF6,pending,index_only,reply_candidate
1792707180720005230,https://x.com/aanaelisast/status/1792707180720005230,https://archive.ph/Lx6Hg,pending,index_only,not_classified
1615423700907528194,https://x.com/aanaelisast/status/1615423700907528194,https://archive.ph/F5BvD,pending,index_only,not_classified
1705349734158807215,https://x.com/aanaelisast/status/1705349734158807215,https://archive.ph/o6igb,post,local_html_saved_identity_url_present,not_classified
1612166939865931776,https://x.com/aanaelisast/status/1612166939865931776,https://archive.ph/gCwm0,pending,index_only,not_classified
1902921608588644840,https://x.com/aanaelisast/status/1902921608588644840,https://archive.ph/odSwd,pending,index_only,reply_candidate
1777010184449126432,https://x.com/aanaelisast/status/1777010184449126432,https://archive.ph/k5Tt8,pending,index_only,not_classified
2020628618339389936,https://x.com/aanaelisast/status/2020628618339389936,https://archive.ph/8zXlO,pending,index_only,not_classified
1742706332900200452,https://x.com/aanaelisast/status/1742706332900200452,https://archive.ph/ZNsoh,pending,index_only,not_classified
1587092264416845826,https://x.com/aanaelisast/status/1587092264416845826,https://archive.ph/BFLkH,pending,index_only,not_classified
1757803189590479097,https://x.com/aanaelisast/status/1757803189590479097,https://archive.ph/SdRIa,pending,index_only,not_classified
1562525693526675465,https://x.com/aanaelisast/status/1562525693526675465,https://archive.ph/KvNeq,pending,index_only,not_classified
1577043366201921536,https://x.com/aanaelisast/status/1577043366201921536,https://archive.ph/qPHOS,pending,index_only,not_classified
1536358208104714241,https://x.com/aanaelisast/status/1536358208104714241,https://archive.ph/oaG7S,pending,index_only,not_classified
1702044226832244924,https://x.com/aanaelisast/status/1702044226832244924,https://archive.ph/L1qAc,pending,index_only,not_classified
1887957686169518406,https://x.com/aanaelisast/status/1887957686169518406,https://archive.ph/wnvpN,pending,index_only,not_classified
1575925885089513472,https://x.com/aanaelisast/status/1575925885089513472,https://archive.ph/RJtrQ,pending,index_only,error_capture
2103802014614339916,https://x.com/aanaelisast/status/2103802014614339916,https://archive.ph/8G1ec,pending,index_only,not_classified
1736882257682420095,https://x.com/aanaelisast/status/1736882257682420095,https://archive.ph/GPSZP|https://archive.ph/V1bm0|https://archive.ph/i34E7,pending,index_only,not_classified
2060087454787367120,https://x.com/aanaelisast/status/2060087454787367120,https://archive.ph/J77iD,pending,index_only,not_classified
1587170256434483200,https://x.com/aanaelisast/status/1587170256434483200,https://archive.ph/VT7uC,pending,index_only,reply_candidate
1859992515325366568,https://x.com/aanaelisast/status/1859992515325366568,https://archive.ph/biQwR,pending,index_only,not_classified
2048061316435181987,https://x.com/aanaelisast/status/2048061316435181987,https://archive.ph/xObT8,pending,index_only,not_classified
1643268357930532865,https://x.com/aanaelisast/status/1643268357930532865,https://archive.ph/1OSbN|https://archive.ph/HYbXF|https://archive.ph/sASQF,pending,index_only,not_classified
1310950398417670146,https://x.com/aanaelisast/status/1310950398417670146,https://archive.ph/k9LYb,pending,index_only,not_classified
1879627653386469732,https://x.com/aanaelisast/status/1879627653386469732,https://archive.ph/oCfxI,pending,index_only,not_classified
1646956627939958784,https://x.com/aanaelisast/status/1646956627939958784,https://archive.ph/CMiPr|https://archive.ph/Ck5Xs|https://archive.ph/XrRRl,pending,index_only,not_classified
1280296335443406849,https://x.com/aanaelisast/status/1280296335443406849,https://archive.ph/9BxY7,pending,index_only,not_classified
1633539910530392070,https://x.com/aanaelisast/status/1633539910530392070,https://archive.ph/wcbLG,pending,index_only,not_classified
1625661686735687680,https://x.com/aanaelisast/status/1625661686735687680,https://archive.ph/N7rHi,pending,index_only,not_classified
